{
  "thumbnail": {
    "pagecount": 1,
    "md5": "19_823d327a5d13e21aea5d06732a3c329d.png"
  },
  "deleted": "NO",
  "name": "Blank",
  "ctime": "2024-12-16 11:27:03",
  "json": {
    "pages": [
      "page 1"
    ],
    "page 1": {
      "num": 1,
      "layers": [
        "{{PLACEHOLDER}}"
      ],
      "textstartat": 36,
      "sprites": [
        "{{PLACEHOLDER}}"
      ],
      "lastSprite": "{{PLACEHOLDER}}",
      "{{PLACEHOLDER}}": {
        "homeflip": false,
        "defaultScale": 0.5,
        "homeshown": true,
        "h": 253,
        "scale": 0.5,
        "type": "sprite",
        "speed": 2,
        "xcoor": 240,
        "shown": true,
        "sounds": [
          "pop.mp3"
        ],
        "homex": 240,
        "cx": 75,
        "cy": 126,
        "w": 151,
        "homey": 180,
        "name": "{{PLACEHOLDER}}",
        "homescale": 0.5,
        "angle": 0,
        "id": "{{PLACEHOLDER}}",
        "scripts": [],
        "flip": false,
        "md5": "{{PLACEHOLDER}}.svg",
        "ycoor": 180
      }
    },
    "currentPage": "page 1"
  },
  "id": "19",
  "isgift": "0",
  "assetLibraryVersion": 0,
  "mtime": "1734348432925",
  "version": "iOSv01"
}